"Douglas DC-3","26","26","1.0"
"Boeing 377 Stratocruiser 10-30","38","5","0.13157894736842105"
"Boeing Vertol CH47C (helicopter)","78","24","0.3076923076923077"
"Douglas DC-3","16","5","0.3125"
"Boeing B-727","121","4","0.03305785123966942"
"McDonnell Douglas DC-9-15","11","11","1.0"
"Douglas DC-3","25","25","1.0"
"Douglas DC-3","24","24","1.0"
"Boeing B-737-T43","35","35","1.0"
"Douglas C-54A","4","4","1.0"
"Douglas DC-6","3","3","1.0"
"Douglas DC-4","84","78","0.9285714285714286"
"McDonnell Douglas DC-9-31","85","62","0.7294117647058823"
"McDonnell Douglas DC-9-32","45","27","0.6"
"Douglas C-47B-15-DK","7","6","0.8571428571428571"
"Douglas C-47A","3","3","1.0"
"Boeing B-727-81","50","1","0.02"
"Boeing B-747-200","112","2","0.017857142857142856"
"Douglas DC-3","22","22","1.0"
"Douglas C-47","31","31","1.0"
"Douglas C-47A","7","7","1.0"
"McDonnell Douglas MD-11","264","2","0.007575757575757576"
"Douglas DC-2-112","15","13","0.8666666666666667"
"Douglas DC-3","32","32","1.0"
"Boeing 737-4Q8","6","6","1.0"
"Douglas C-47A","27","27","1.0"
"Douglas C-47B-DK","21","21","1.0"
"Douglas DC-3","34","34","1.0"
"Boeing B-707-465","127","5","0.03937007874015748"
"Douglas DC-3","36","36","1.0"
"Douglas C-47","3","3","1.0"
"Douglas DC-3","16","16","1.0"
"Douglas C-47A","4","4","1.0"
"Douglas DC-3","30","26","0.8666666666666667"
"Douglas DC-3","18","18","1.0"
"Douglas DC-3-3A","35","35","1.0"
"Tupolev 154M","96","96","1.0"
"Douglas DC-4","69","52","0.7536231884057971"
"Douglas DC-4","39","35","0.8974358974358975"
"Douglas DC-3","22","10","0.45454545454545453"
"Douglas DC-3","15","15","1.0"
"Boeing B-727-27C","58","55","0.9482758620689655"
"Douglas DC-3C","24","24","1.0"
"Douglas DC-3","14","14","1.0"
"Boeing 707-351C","4","4","1.0"
"Airbus A300B4-203F","5","5","1.0"
"Boeing B-737-8GP","108","0","0.0"
"Douglas DC-3","20","20","1.0"
"Douglas DC-3 (C-47-DL)","25","7","0.28"
"Douglas C-47A","3","3","1.0"
"Douglas DC-4","18","18","1.0"
"Douglas C-47B","27","26","0.9629629629629629"
"Douglas C-47 (DC-3)","25","25","1.0"
"Douglas C-47A","40","39","0.975"
"Boeing B-737-200","11","11","1.0"
"McDonnell Douglas MD-11","3","3","1.0"
"Boeing B-767-200ER","166","128","0.7710843373493976"
"McDonnell Douglas DC-9-51","85","0","0.0"
"Douglas DC-3","30","30","1.0"
"Boeing B-727-227","89","0","0.0"
"Boeing 40","2","1","0.5"
"Douglas C-47A","2","2","1.0"
"Douglas C-124C Globemaster","9","9","1.0"
"Douglas DC-3","13","13","1.0"
"Douglas C-47","16","15","0.9375"
"Boeing B-737-2H4","131","131","1.0"
"Douglas C-47-DL","25","25","1.0"
"Douglas DC-6B","10","8","0.8"
"Boeing B-707-344C","128","123","0.9609375"
"Douglas C-47D","6","6","1.0"
"Boeing B-707-321B","109","2","0.01834862385321101"
"Boeing B-727-230","53","53","1.0"
"Boeing B-707-3J9C","169","3","0.01775147928994083"
"Boeing 737-236","127","127","1.0"
"Douglas DC-3","20","9","0.45"
"Douglas C-54D","35","35","1.0"
"Douglas DC-7 / F-100F","49","49","1.0"
"Douglas M-4","1","1","1.0"
"Douglas DC-3 (C-47DL) /Vultee BT-13","10","10","1.0"
"Douglas C-54B","35","35","1.0"
"Douglas C-47A-1","40","40","1.0"
"Boeing B-707-321C","107","107","1.0"
"Douglas DC-3","25","25","1.0"
"Douglas DC-6A","5","5","1.0"
"Douglas DC-3","33","1","0.030303030303030304"
"Douglas DC-4 /Beechcraft SMB-1","43","43","1.0"
"Boeing B-727-64","146","146","1.0"
"Douglas DC-3 (C-47A-30-DK)","24","7","0.2916666666666667"
"Boeing B-737-2A8","118","56","0.4745762711864407"
"Airbus A300B4-622R","271","264","0.974169741697417"
"Douglas DC-3","18","17","0.9444444444444444"
"Boeing B-727-95","88","37","0.42045454545454547"
"Douglas DC-3","11","11","1.0"
"Douglas DC-3","13","13","1.0"
"Douglas C-47A-5-DK","17","15","0.8823529411764706"
"Boeing B-737-297","95","1","0.010526315789473684"
"Boeing 377-10-26 Stratocruiser","50","50","1.0"
"Douglas DC-3","28","28","1.0"
"Douglas C-118A","12","8","0.6666666666666666"
"Boeing B-737-200","7","7","1.0"
"Boeing B-747-428BCF","7","7","1.0"
"Douglas C-47A","12","12","1.0"
"Douglas DC-3","9","9","1.0"
"Douglas C-47A-30-DK","11","5","0.45454545454545453"
"Boeing 247D","12","12","1.0"
"Douglas C-47","6","6","1.0"
"Douglas DC-3","10","10","1.0"
"Douglas DC-8-43F","7","3","0.42857142857142855"
"McDonnell Douglas DC-8","95","13","0.1368421052631579"
"Boeing 707-373","5","5","1.0"
"Airbus A-340","309","0","0.0"
"Douglas C-47A-DL","28","28","1.0"
"Douglas DC-3","30","5","0.16666666666666666"
"Douglas DC-3","25","1","0.04"
"Douglas DC-3","6","6","1.0"
"Douglas DC-47","20","20","1.0"
"Boeing B-707-321C","188","188","1.0"
"Douglas C-54D","7","7","1.0"
"Boeing B-737-2A1","33","2","0.06060606060606061"
"Boeing B-29MR","20","12","0.6"
"Douglas DC-3","11","5","0.45454545454545453"
"Boeing 777-31H","300","0","0.0"
"Douglas DC-3","27","27","1.0"
"Boeing B-747-300","254","228","0.8976377952755905"
"Boeing CH-47 Chinook","38","38","1.0"
"Douglas C-47-DL","27","27","1.0"
"Douglas C-47A-10-DK","16","3","0.1875"
"Boeing B-727-224","131","0","0.0"
"Tupolev TU-154B-1","168","1","0.005952380952380952"
"McDonnell Douglas DC-8-61F","4","4","1.0"
"Douglas DC-3C","5","3","0.6"
"Douglas DC-2","2","2","1.0"
"Douglas DC-3","22","12","0.5454545454545454"
"Douglas DC-2-115H","13","2","0.15384615384615385"
"Douglas DC-3F","5","1","0.2"
"Douglas C-47B","2","2","1.0"
"Douglas C-47B","12","12","1.0"
"Douglas C-54E","33","11","0.3333333333333333"
"Boeing B-737-2H6","65","65","1.0"
"Douglas DC-2","9","4","0.4444444444444444"
"Douglas DF-151","6","6","1.0"
"Airbus A300B4-622R","160","0","0.0"
"Douglas C-53","3","3","1.0"
"Douglas DC-2-243","16","16","1.0"
"Douglas DC-3D","5","5","1.0"
"Douglas DC-4","79","79","1.0"
"Douglas DC-4","11","10","0.9090909090909091"
"Tupolev TU-104","100","100","1.0"
"Tupolev TU-134A / Tupolev Tu-134A","178","178","1.0"
"Douglas DC-3","3","3","1.0"
"Douglas DC-3","24","24","1.0"
"Douglas DC-3","3","3","1.0"
"Douglas DC-3","33","33","1.0"
"Douglas C-47-DL","27","27","1.0"
"Boeing B-747-SR46","524","520","0.9923664122137404"
"Douglas C-47","32","32","1.0"
"Douglas DC-8-51","6","6","1.0"
"Douglas C-47A","5","1","0.2"
"Let 410UVP Turbojet / Tupolev TU-134V","11","11","1.0"
"Douglas DC-4","3","1","0.3333333333333333"
"Boeing 737-31S","121","121","1.0"
"Airbus A300F-622R","2","2","1.0"
"Douglas DC-3 (C-54A-DO)","58","8","0.13793103448275862"
"Tupolev TU-104-A","64","64","1.0"
"Boeing 707-123","5","5","1.0"
"Douglas C-47A","3","2","0.6666666666666666"
"Boeing 707-336C","73","3","0.0410958904109589"
"Boeing B-727-22","30","30","1.0"
"Douglas DC-3 (C-47A-DK)","31","26","0.8387096774193549"
"McDonnell Douglas MD-82","155","154","0.9935483870967742"
"Boeing B-737-2A8","69","69","1.0"
"McDonnell Douglas MD-82","160","160","1.0"
"Boeing B-737-73V","131","2","0.015267175572519083"
"Douglas DC-3","10","10","1.0"
"Boeing Vertol CH-47A (helicopter)","37","37","1.0"
"McDonnell Douglas DC-8-61","3","0","0.0"
"Douglas DC-3","32","24","0.75"
"Douglas DC-3","32","32","1.0"
"Douglas C-47A","3","3","1.0"
"Douglas DC-3","8","8","1.0"
"McDonnell Douglas DC-8-33","105","15","0.14285714285714285"
"McDonnell Douglas MD-82","172","154","0.8953488372093024"
"Boeing B-737-210C(A) Combi","15","12","0.8"
"Douglas C-47-DL","25","2","0.08"
"Tupolev Tu-124","52","0","0.0"
"Douglas DC-6","59","1","0.01694915254237288"
"Douglas DC-3","19","12","0.631578947368421"
"Douglas C-47A-25-DK","4","4","1.0"
"Douglas DC-3","17","16","0.9411764705882353"
"Boeing B-737-222","110","110","1.0"
"Boeing B-737-236","137","55","0.40145985401459855"
"McDonnell Douglas MD-11","315","3","0.009523809523809525"
"Tupolev Tu-154M","170","170","1.0"
"Douglas DC-2","3","3","1.0"
"Douglas DC-3","15","15","1.0"
"Douglas DC-6B","21","21","1.0"
"Douglas DC-3","32","20","0.625"
"Douglas DC-4","5","5","1.0"
"Airbus A320-212","143","143","1.0"
"Boeing B-737-244","98","40","0.40816326530612246"
"Douglas DC-2","17","14","0.8235294117647058"
"Douglas DC-6B","50","50","1.0"
"Douglas DC-3","9","9","1.0"
"McDonnell Douglas MD-90-30","96","1","0.010416666666666666"
"Airbus A-330-243","304","0","0.0"
"Tupolev 134A-3","41","41","1.0"
"Tupolev 154B-2","46","46","1.0"
"Boeing B-737-219","90","68","0.7555555555555555"
"Douglas C-47B","12","12","1.0"
"Douglas C-47B","1","1","1.0"
"Douglas DC-3","13","13","1.0"
"Boeing Vertol CH47B (helicopter)","32","30","0.9375"
"Douglas DC-3","7","7","1.0"
"Douglas C-47B-5-DK","20","5","0.25"
"Douglas C-47-DL","34","34","1.0"
"Boeing KC-135A","7","7","1.0"
"Tupolev TU-134A","84","84","1.0"
"Douglas C-54A-DC (DC-4)","20","20","1.0"
"Boeing KC-135A / Boeing KC-135A","11","11","1.0"
"Boeing B-707-331B","149","1","0.006711409395973154"
"Douglas DC-2-115B","4","2","0.5"
"Douglas DC-6B","22","15","0.6818181818181818"
"Douglas DC-3","12","12","1.0"
"Tupolev TU-124","63","63","1.0"
"Tupolev TU-154M","141","141","1.0"
"Tupolev TU-154M","91","70","0.7692307692307693"
"Douglas C-47A","3","2","0.6666666666666666"
"Douglas C-47","20","20","1.0"
"Tupolev TU-134A","90","90","1.0"
"Boeing B-737-2H7C","116","2","0.017241379310344827"
"Boeing B-737-291","3","3","1.0"
"Douglas DC-3","25","25","1.0"
"Douglas DC-3 (Douglas C-47A-10-DK)","13","13","1.0"
"MD Douglas DC-9-32 / Piper PA-28-181","67","67","1.0"
"Boeing B-737-2P5","83","83","1.0"
"Boeing B-727-232 Adv","108","14","0.12962962962962962"
"Douglas DC-3","17","3","0.17647058823529413"
"Boeing B-737-204C","103","64","0.6213592233009708"
"Douglas DC-3","17","9","0.5294117647058824"
"Douglas DC-3 (C-47-DL)","22","20","0.9090909090909091"
"Douglas DC-3","8","8","1.0"
"Douglas DC-3","6","6","1.0"
"Boeing B-727-231","92","92","1.0"
"Boeing B-727-251","3","3","1.0"
"McDonnell Douglas MD-81","180","180","1.0"
"Douglas M-3","1","1","1.0"
"Tupolev TU-114B","21","21","1.0"
"Tupolev TU-154B","165","59","0.3575757575757576"
"Boeing B-727-251 / MD Douglas DC-9-14","198","8","0.04040404040404041"
"Boeing B-737-2K9","78","72","0.9230769230769231"
"Douglas DC-3A","16","10","0.625"
"Douglas DC-3A","3","3","1.0"
"Douglas DC-3","28","28","1.0"
"Boeing 720-030B","3","3","1.0"
"Boeing B-707-131B / L1049C Constellation","112","4","0.03571428571428571"
"Boeing B-707-328B","62","62","1.0"
"Douglas DC-9-31 /Cessna 206","29","2","0.06896551724137931"
"McDonnell Douglas DC-8-55F","191","191","1.0"
"Boeing B-737-2H6","100","100","1.0"
"Boeing B-707-320F","10","10","1.0"
"Tupolev Tu-154M","169","2","0.011834319526627219"
"Douglas DC-3","16","5","0.3125"
"Boeing 707-336C","6","6","1.0"
"Tupolev TU-134B-3","82","54","0.6585365853658537"
"Douglas C47-TP","11","11","1.0"
"Douglas C-47","7","7","1.0"
"Douglas DC-4","41","37","0.9024390243902439"
"Douglas C-47","26","24","0.9230769230769231"
"Douglas C-47B-15-DK","3","3","1.0"
"Douglas DC-3","9","9","1.0"
"Douglas DC-3","32","32","1.0"
"Douglas DC-3","12","10","0.8333333333333334"
"Tupolev TU-104B","75","13","0.17333333333333334"
"Boeing B-727-200 / DC9-32","135","93","0.6888888888888889"
"Tupolev TU-154B","98","98","1.0"
"Douglas C-47","21","17","0.8095238095238095"
"Douglas C-54A","56","46","0.8214285714285714"
"Douglas DC-3","7","5","0.7142857142857143"
"Douglas DC-4","61","61","1.0"
"Boeing B-707-121","81","81","1.0"
"Douglas DC-3","17","17","1.0"
"Douglas DC-C-54A","72","72","1.0"
"Douglas DC-6B","90","90","1.0"
"Boeing B-737-222","61","43","0.7049180327868853"
"Douglas DC-7CF","5","5","1.0"
"Boeing B-737-7H4","103","0","0.0"
"Douglas DC-2-115E","17","15","0.8823529411764706"
"Douglas C-47A","2","2","1.0"
"Douglas C-54D-DC (DC-4)","29","23","0.7931034482758621"
"Douglas C-47A","3","3","1.0"
"Boeing B-747-200","293","1","0.0034129692832764505"
"McDonnell DC-9-32","110","108","0.9818181818181818"
"Douglas C-47-DK","20","20","1.0"
"Douglas DC-118","10","10","1.0"
"Airbus A-310-204","146","102","0.6986301369863014"
"Tupolev A.N.T. 20bis","36","36","1.0"
"Douglas DC-3","10","2","0.2"
"Douglas DC-3-313A","23","6","0.2608695652173913"
"Douglas DC-3","26","26","1.0"
"Douglas DC-3","14","13","0.9285714285714286"
"Douglas C-47A","4","4","1.0"
"Douglas C-54A","3","3","1.0"
"Boeing B-707-321B","51","51","1.0"
"Boeing Vertol CH-47 (helicopter)","54","54","1.0"
"McDonnell Douglas DC-8 Super 63PF","256","256","1.0"
"Tupolev TU-134A","82","72","0.8780487804878049"
"Douglas DC-3","21","21","1.0"
"Douglas DC-3","9","9","1.0"
"Douglas DC-3","29","29","1.0"
"Boeing 40","1","1","1.0"
"Douglas DC-3 (C-47-B-1-DK)","14","12","0.8571428571428571"
"Douglas DC-3","1","1","1.0"
"Boeing 707-373C","3","3","1.0"
"Boeing B-707-321C","8","8","1.0"
"Boeing 247D","7","7","1.0"
"Douglas DC-3A","19","17","0.8947368421052632"
"Douglas C-47","30","30","1.0"
"Douglas C-47-DL","31","31","1.0"
"Douglas DC-3","2","2","1.0"
"Tupolev TU-154","86","85","0.9883720930232558"
"Douglas DC-3","17","17","1.0"
"Douglas DC-3A","21","2","0.09523809523809523"
"Tupolev TU-124","51","51","1.0"
"Douglas C-47A","7","7","1.0"
"Boeing B-29","16","11","0.6875"
"Douglas DC-6B","46","0","0.0"
"Boeing B-707-321B","177","30","0.1694915254237288"
"Boeing B-737-2A8","132","1","0.007575757575757576"
"Douglas C-47A-10-DK","9","7","0.7777777777777778"
"Douglas C-47","3","3","1.0"
"Douglas C-47B","17","15","0.8823529411764706"
"Douglas C-47A-60-DL","8","8","1.0"
"Douglas DC-6B","32","26","0.8125"
"Douglas C-47A","2","2","1.0"
"Douglas DC-8-54F","3","3","1.0"
"Douglas DC-9-15F","3","3","1.0"
"Douglas DC-2-112","14","14","1.0"
"Douglas C-47A-60-DL","31","31","1.0"
"Douglas C54E-DO (DC-4)","38","38","1.0"
"Douglas DC-3","26","26","1.0"
"Douglas DC-4 (C-54)","19","19","1.0"
"Boeing B-737-300","104","104","1.0"
"Douglas M-4","1","1","1.0"
"Douglas DC-2-115A","7","7","1.0"
"Douglas C-124A Globemaster","115","87","0.7565217391304347"
"Convair CV-880 / McDonnell DC-9-31","133","10","0.07518796992481203"
"Boeing B-757-223","164","160","0.975609756097561"
"Douglas C-54B-5-DO","33","33","1.0"
"Douglas DC-3","24","24","1.0"
"Douglas DC-3","15","9","0.6"
"Douglas DC-3","39","1","0.02564102564102564"
"Douglas C-47A","2","2","1.0"
"Boeing Vertol CH-47 (helilcopter)","20","20","1.0"
"Boeing B-747-121A","259","259","1.0"
"McDonnell Douglas DC-10-30CF","340","56","0.16470588235294117"
"Boeing 737-2D6C","5","5","1.0"
"McDonnell Douglas DC-10-30","314","16","0.050955414012738856"
"Douglas DC-3","18","2","0.1111111111111111"
"Douglas DC-3","28","10","0.35714285714285715"
"Douglas DC-3","21","21","1.0"
"Douglas DC-3","37","28","0.7567567567567568"
"Douglas DC-6B","77","10","0.12987012987012986"
"McDonnell Douglas DC-9-14","77","77","1.0"
"Douglas DC-3A","30","27","0.9"
"Boeing B-727-2L5 / MiG23UB","157","157","1.0"
"McDonnell Douglas DC-8-63F","6","6","1.0"
"Boeing 747-2B5F","4","4","1.0"
"Douglas DC-3 (C-47-DL)","27","27","1.0"
"Douglas C-47A-25-DK","6","6","1.0"
"Tupolev TU-124","17","17","1.0"
"McDonnell Douglas DC-9-32","129","108","0.8372093023255814"
"Tupolev TU-154B-2","111","110","0.990990990990991"
"Douglas DC-3 ( C-53D-DO)","12","12","1.0"
"Douglas C-47A","2","1","0.5"
"Douglas DC-3","23","1","0.043478260869565216"
"Douglas C-47A-80-DL","29","29","1.0"
"Airbus A300B2-101","189","1","0.005291005291005291"
"Airbus A-310-304F","4","0","0.0"
"Douglas DC-3","10","10","1.0"
"Douglas DC-3C","40","37","0.925"
"Douglas DC-3","5","3","0.6"
"Douglas DC-3","29","27","0.9310344827586207"
"Boeing B377-10-28 Stratocruiser","36","28","0.7777777777777778"
"Douglas DC-3","31","4","0.12903225806451613"
"Boeing B-707-366C","53","53","1.0"
"Boeing B-737-270C","106","63","0.5943396226415094"
"Boeing B-727-223","161","140","0.8695652173913043"
"Douglas DC-6B","70","3","0.04285714285714286"
"Boeing 707-321CF","3","3","1.0"
"Douglas DC-3","12","12","1.0"
"Airbus A300B2-1C","239","3","0.012552301255230125"
"Boeing 247-D","12","12","1.0"
"Douglas DC-3 (C-47)","23","23","1.0"
"Mc Donnell Douglas MD-81","129","0","0.0"
"Douglas DC-3 (C-50A-DO)","21","2","0.09523809523809523"
"Douglas C-47A","2","2","1.0"
"Douglas DC-2-172","9","5","0.5555555555555556"
"Douglas DC-3DST","32","32","1.0"
"Boeing B-727-2A7","55","2","0.03636363636363636"
"Douglas DC-3","25","1","0.04"
"McDonnell Douglas DC-8-61","189","10","0.05291005291005291"
"Boeing B-747-122","393","1","0.002544529262086514"
"Airbus A-320-216","162","162","1.0"
"Douglas DC-3","14","14","1.0"
"Boeing B307-1 Stratoliner","25","25","1.0"
"Boeing B-747-2R7F","5","5","1.0"
"Boeing B-737-4Y0","76","57","0.75"
"Tupolev TU-204-100V","8","5","0.625"
"Douglas DC-3","12","1","0.08333333333333333"
"Douglas C-54A-DO","7","7","1.0"
"Douglas DC-3","18","17","0.9444444444444444"
"Douglas C-47D","28","28","1.0"
"Douglas DC-3","10","2","0.2"
"Douglas DC-3","13","13","1.0"
"Douglas C-47A","3","3","1.0"
"Douglas DC-3","11","11","1.0"
"Douglas DC-3","26","26","1.0"
"Douglas DC-7CF","5","5","1.0"
"Douglas C-54A-1-DO","19","19","1.0"
"Douglas DC-3","9","7","0.7777777777777778"
"Douglas DC-3C","16","15","0.9375"
"Douglas C-54","14","14","1.0"
"Douglas DC-6A","101","21","0.2079207920792079"
"Douglas DC-4","67","5","0.07462686567164178"
"Douglas C-118A / Lockheed P2V-5F","49","47","0.9591836734693877"
"Douglas DC-3","28","3","0.10714285714285714"
"Vickers Viscount 754D / Douglas C-47","17","17","1.0"
"Douglas DC-6","9","6","0.6666666666666666"
"Douglas DC-3C","16","5","0.3125"
"Tupolev TU-134A","80","58","0.725"
"Boeing B-737-300 / Swearingen SA-227AC","101","34","0.33663366336633666"
"Boeing 40","2","1","0.5"
"Douglas C-47-DL","26","23","0.8846153846153846"
"Douglas DC-3","7","7","1.0"
"Douglas DC-3","10","10","1.0"
"Boeing B-747","298","1","0.003355704697986577"
"McDonnell Douglas DC-9-32","104","104","1.0"
"Airbus A321-111","72","1","0.013888888888888888"
"Douglas DC-4","29","29","1.0"
"Douglas C-47B-15-DK","18","18","1.0"
"Douglas DC-3","26","26","1.0"
"Douglas C-47A","3","3","1.0"
"Boeing B-737-200","104","104","1.0"
"Douglas C-54A-1-DO Skymaster","53","1","0.018867924528301886"
"Douglas DC-3","15","15","1.0"
"Douglas DC-3","18","18","1.0"
"Douglas DC-3","29","2","0.06896551724137931"
"Boeing B-727-81","133","133","1.0"
"Douglas DC-6A","3","3","1.0"
"McDonnell Douglas DC-8-55F","4","4","1.0"
"Douglas C-47","20","20","1.0"
"Douglas DC-3","3","1","0.3333333333333333"
"Douglas C-47","16","10","0.625"
"Douglas DC-4","59","59","1.0"
"Douglas C-47 Dakota","23","23","1.0"
"Douglas C-54B-15-DO","12","12","1.0"
"Douglas DC-6B","87","87","1.0"
"Douglas DC-3","19","1","0.05263157894736842"
"Boeing KC-135A","7","7","1.0"
"Boeing B-757-225","189","189","1.0"
"Boeing B-29","13","13","1.0"
"Douglas C-54A-5-DC","21","7","0.3333333333333333"
"Boeing B-707-138B","61","1","0.01639344262295082"
"Tupolev TU-104A","52","52","1.0"
"Douglas DC-7B","84","84","1.0"
"Douglas DC-6","6","3","0.5"
"Boeing B-707-331B","144","144","1.0"
"Tupolev TU-154M / Sukhoi Su-24","133","133","1.0"
"Douglas DC-3A","11","11","1.0"
"Tupolev TU-104A","124","24","0.1935483870967742"
"McDonnell Douglas DC-8-61","174","24","0.13793103448275862"
"Douglas DC-3 (C-47A-70-DL)","32","3","0.09375"
"Tupolev 154B","5","5","1.0"
"Douglas DC-3","24","24","1.0"
"Douglas DC-3","19","19","1.0"
"Douglas DC-3","16","16","1.0"
"Douglas C-47A-DL","44","44","1.0"
"Douglas DC-6","63","29","0.4603174603174603"
"Douglas DC-4","23","23","1.0"
"Boeing B-737-275","49","42","0.8571428571428571"
"Douglas DC-3","21","12","0.5714285714285714"
"Boeing B-720-051B","43","43","1.0"
"Douglas DC-3 (C-47-DL)","12","12","1.0"
"Tupolev TU-154","117","117","1.0"
"Douglas R4D-6","24","24","1.0"
"Douglas DC-6","29","29","1.0"
"Douglas DC-6","46","46","1.0"
"Douglas C-47-DL","3","2","0.6666666666666666"
"Douglas DC-3","2","2","1.0"
"Boeing B-707-323B","135","1","0.007407407407407408"
"Airbus A320-231","146","92","0.6301369863013698"
"Boeing B-737-2C3","52","1","0.019230769230769232"
"Douglas DC-4","53","53","1.0"
"Douglas VC-47A","16","16","1.0"
"Boeing B-707-320","72","72","1.0"
"McDonnell Douglas DC-9-32","102","102","1.0"
"McDonnell Douglas DC-8-63F","4","3","0.75"
"Boeing B-727-92C","63","21","0.3333333333333333"
"Douglas DC-6BF","3","3","1.0"
"Boeing B-737-281","13","13","1.0"
"McDonnell Douglas DC-8-63F","3","3","1.0"
"Airbus A300-622R","196","196","1.0"
"McDonnell Douglas DC-8-71F","3","3","1.0"
"Douglas R5D2","40","40","1.0"
"Tupolev Tu-114D","66","21","0.3181818181818182"
"Tupolev Tu-114","21","21","1.0"
"McDonnell Douglas DC-9-15RC","2","2","1.0"
"Boeing XB-29","10","10","1.0"
"Douglas DC-6B","4","4","1.0"
"Douglas DC-3","35","35","1.0"
"Douglas DC-3 / Avro Anson","14","14","1.0"
"Douglas DC-3","16","3","0.1875"
"Douglas DC-6B","21","1","0.047619047619047616"
"Douglas DC-3","17","17","1.0"
"Tupolev TU-154","100","66","0.66"
"Douglas DC-3","5","5","1.0"
"Douglas DC-6BF","4","4","1.0"
"Boeing B-727-256","148","148","1.0"
"Boeing B-747-SP-09","274","0","0.0"
"Boeing 747-249F","4","4","1.0"
"Douglas C-47","2","2","1.0"
"Douglas C-47-DL","10","7","0.7"
"Douglas DC-6B","64","52","0.8125"
"Douglas DC-6","55","4","0.07272727272727272"
"Douglas C-47","21","21","1.0"
"Douglas DC-3","32","31","0.96875"
"Douglas DC-3","28","22","0.7857142857142857"
"Boeing B-727-224","113","110","0.9734513274336283"
"Boeing B-314 (flying boat)","39","25","0.6410256410256411"
"Douglas C-124C","159","22","0.13836477987421383"
"Boeing 247","8","8","1.0"
"Douglas DC-3","22","17","0.7727272727272727"
"Douglas DC-3","12","12","1.0"
"Douglas DC-3","26","1","0.038461538461538464"
"Douglas C-47","26","22","0.8461538461538461"
"Douglas DC-3","23","23","1.0"
"Douglas DC-3","19","19","1.0"
"Douglas DC-3","37","37","1.0"
"Boeing B-747-122","356","9","0.025280898876404494"
"Tupolev TU-154","61","61","1.0"
"Douglas C-47A","2","2","1.0"
"Douglas DC-3","3","3","1.0"
"Douglas C-47B","3","3","1.0"
"Douglas C-47A","2","2","1.0"
"McDonnell Douglas DC-8-21","58","58","1.0"
"Boeing RC-135T","3","3","1.0"
"Douglas DC-6","10","10","1.0"
"Boeing 737-8F2","134","9","0.06716417910447761"
"Boeing 40","2","1","0.5"
"Douglas DC-3","16","9","0.5625"
"Douglas C-47B","12","12","1.0"
"Douglas DC-3 / USN R-6D-1","61","61","1.0"
"Douglas DC-7C","52","34","0.6538461538461539"
"Douglas DC-6B","3","3","1.0"
"Boeing 247D","11","11","1.0"
"Douglas C-47","26","23","0.8846153846153846"
"Douglas C-47A-15-DK","5","5","1.0"
"Boeing B-707-309C","135","2","0.014814814814814815"
"Tupolev TU-134A","51","20","0.39215686274509803"
"Boeing B-727-2H9A","15","15","1.0"
"Douglas DC-3A","8","8","1.0"
"Douglas DC-7","26","0","0.0"
"Douglas DC-3","10","4","0.4"
"McDonnell Douglas DC-10-30","177","0","0.0"
"Douglas C-47A","2","2","1.0"
"Boeing B-737-222","123","123","1.0"
"Douglas C47","12","12","1.0"
"Douglas DC-3 / Douglas DC-3","34","34","1.0"
"Boeing B-720B-023B","82","82","1.0"
"Boeing B-747-237B","213","213","1.0"
"Boeing B-727-225 Adv","29","29","1.0"
"Boeing B-737-4Q8","102","102","1.0"
"Tupolev Tu-154B-2","124","3","0.024193548387096774"
"Douglas DC-3 (C-47A-DL)","30","14","0.4666666666666667"
"Douglas DC-3","21","21","1.0"
"Douglas DC-3D","24","24","1.0"
"Boeing 707-321C","5","5","1.0"
"Boeing B-737-230A","16","16","1.0"
"Douglas C-47A","9","9","1.0"
"Douglas DC-3","25","25","1.0"
"Tupolev TU-124","61","61","1.0"
"Tupolev TU-124","61","61","1.0"
"Boeing B-707-379C","51","50","0.9803921568627451"
"Tupolev TU-154M","124","124","1.0"
"Boeing B-737-3Q8","148","148","1.0"
"Douglas DC-4","38","38","1.0"
"Douglas DC-3","23","3","0.13043478260869565"
"Douglas DC-3","10","4","0.4"
"Boeing B-727-113C","62","48","0.7741935483870968"
"Douglas C-47","4","4","1.0"
"Douglas DC-3","11","3","0.2727272727272727"
"Douglas DC-3D","16","16","1.0"
"Douglas C-47A","2","2","1.0"
"Douglas DC-3","5","5","1.0"
"Douglas DC-6B","34","34","1.0"
"Douglas DC-3","24","24","1.0"
"Douglas DC-2-115B","9","5","0.5555555555555556"
"Douglas DC-3","27","18","0.6666666666666666"
"Douglas C-54B-10-DO","7","7","1.0"
"Douglas DC-3","9","9","1.0"
"Douglas DC-3","10","10","1.0"
"Douglas DC-3","21","21","1.0"
"Boeing B-737-4Y0","126","47","0.373015873015873"
"Douglas C-47","18","18","1.0"
"Douglas DC-3","30","28","0.9333333333333333"
"Boeing B-707-323 / Cessna 150","21","2","0.09523809523809523"
"Douglas DC-3","2","1","0.5"
"Boeing B-727-286","105","77","0.7333333333333333"
"Boeing 95","1","1","1.0"
"Douglas DC-3","24","24","1.0"
"Douglas DC-3","23","23","1.0"
"Douglas C-54P","19","19","1.0"
"Douglas C-54","24","24","1.0"
"Tupolev TU-134A","50","50","1.0"
"Douglas C-47A-1-DK","16","8","0.5"
"Douglas DC-4 (C-54A-DO)","42","7","0.16666666666666666"
"Douglas DC-3","32","32","1.0"
"Douglas DC-3","21","21","1.0"
"McDonnell Douglas DC-8-54F37","3","3","1.0"
"McDonnell Douglas DC-9-14","52","51","0.9807692307692307"
"Boeing 247B","13","5","0.38461538461538464"
"Douglas DC-3","19","18","0.9473684210526315"
"Douglas C-47","2","1","0.5"
"Douglas C-47","27","23","0.8518518518518519"
"Douglas DC-3-201F","9","5","0.5555555555555556"
"Douglas DC-3","10","10","1.0"
"Douglas DC-3","18","5","0.2777777777777778"
"McDonnell Douglas DC-8-62","45","15","0.3333333333333333"
"Boeing RC 135S","18","18","1.0"
"Douglas DC-3","32","32","1.0"
"Douglas DC-8","5","5","1.0"
"Tupolev TU-104A","96","96","1.0"
"Boeing B-737-222","79","74","0.9367088607594937"
"Douglas EC-54U","3","1","0.3333333333333333"
"Tupolev TU-134A","71","27","0.38028169014084506"
"Douglas DC-3C","2","2","1.0"
"Boeing KC-135E","4","4","1.0"
"Douglas DC-2-120","17","17","1.0"
"Douglas C-47","6","4","0.6666666666666666"
"Douglas DC-4-1009","28","7","0.25"
"Douglas DC-3 (C-47A-DK)","15","15","1.0"
"Douglas DC-6","16","16","1.0"
"Douglas DC-4","28","28","1.0"
"Douglas C-47A","2","2","1.0"
"Douglas C-54A","35","35","1.0"
"Douglas C-47 Dakota","25","23","0.92"
"Douglas C-54 Skymaster","30","30","1.0"
"Douglas DC-6-54B","64","56","0.875"
"Douglas DC-3","4","4","1.0"
"Douglas C-54A","13","13","1.0"
"Airbus A320-214","155","0","0.0"
"Douglas DC-3","22","22","1.0"
"Douglas C-47","3","3","1.0"
"Douglas DC-3","13","13","1.0"
"Boeing KC-135A","7","7","1.0"
"Boeing B-727-2F2","67","47","0.7014925373134329"
"Boeing B-737-3Q8","62","1","0.016129032258064516"
"Boeing B-29A Superfortress","20","20","1.0"
"Douglas DC-3","18","4","0.2222222222222222"
"Boeing KC-135A","13","13","1.0"
"Douglas DC-3A","14","14","1.0"
"Douglas DC-3(C-47A-DL)","5","5","1.0"
"Boeing 777-236ER","152","0","0.0"
"Douglas DC-3-201E","17","17","1.0"
"Douglas DC-3","26","22","0.8461538461538461"
"Boeing B-727-22QC","38","38","1.0"
"Douglas C-47","10","7","0.7"
"Tupolev TU 154B-2","143","11","0.07692307692307693"
"Douglas DC-3 Dakota","7","7","1.0"
"Douglas DC-4","43","36","0.8372093023255814"
"McDonnell Douglas DC-8-21","106","4","0.03773584905660377"
"Douglas DC-3C","6","5","0.8333333333333334"
"Douglas C-47","32","32","1.0"
"Douglas DC-3A","3","3","1.0"
"Douglas DC-3","11","11","1.0"
"Airbus A320-111","96","87","0.90625"
"Douglas C-54A","2","2","1.0"
"Douglas C-47","39","39","1.0"
"Mc Donnell Douglas DC-9-32","8","1","0.125"
"Boeing B-727-86","128","128","1.0"
"Boeing 40","1","1","1.0"
"Douglas DC-3A","15","14","0.9333333333333333"
"Douglas DC-3 ( C-47-DO)","17","17","1.0"
"Douglas C-124C","10","10","1.0"
"Douglas DC-3","35","30","0.8571428571428571"
"Boeing B-707-3D3C","202","176","0.8712871287128713"
"Douglas DC-3-3","13","2","0.15384615384615385"
"Douglas DC-3","16","16","1.0"
"McDonnell Douglas DC-10-30CF","212","2","0.009433962264150943"
"Douglas C-47A-30-DK (DC-3C)","2","2","1.0"
"Douglas DC-3","4","4","1.0"
"Douglas C-47A-50-DL","14","14","1.0"
"Douglas DC-3","21","21","1.0"
"Boeing B-707-437","117","117","1.0"
"Douglas C-47 / Douglas DC-3","23","12","0.5217391304347826"
"Douglas DC-3","19","19","1.0"
"Douglas C-47A","4","4","1.0"
"Boeing B-707-321B","158","73","0.4620253164556962"
"Douglas DC-3C (C47A-DL)","24","24","1.0"
"Boeing 737-8AS","90","90","1.0"
"Douglas C- C47A-30DK","22","22","1.0"
"Douglas C-54D-DC (DC-4)","44","44","1.0"
"Douglas DC-3","19","19","1.0"
"Douglas C-118A","23","23","1.0"
"McDonnell Douglas DC-9-32","28","27","0.9642857142857143"
"Douglas DC-6A","3","3","1.0"
"Douglas DC-3","14","14","1.0"
"Douglas DC-3 (C-47B-DK)","32","32","1.0"
"Douglas C-47","3","3","1.0"
"Boeing 707-123","6","6","1.0"
"Boeing B-737-2A1","72","1","0.013888888888888888"
"Boeing B-727-134","92","92","1.0"
"Tupolev TU-124","11","11","1.0"
"Douglas DC-3A-178","21","21","1.0"
"Douglas C-47B","11","11","1.0"
"Boeing B-707-321B","101","97","0.9603960396039604"
"Douglas DC-3-313","30","1","0.03333333333333333"
"Boeing B-707-326C","6","6","1.0"
"AirbusA310-304","179","169","0.9441340782122905"
"Douglas DC-3-194H","21","21","1.0"
"Douglas DC-3","20","20","1.0"
"Douglas DC-7B / U.S. Air Force F-89J","6","5","0.8333333333333334"
"Boeing KC-135A","19","19","1.0"
"McDonnell Douglas MD-83","88","88","1.0"
"Douglas C-49E","21","21","1.0"
"Douglas DC-3","24","24","1.0"
"Douglas DC-3","18","15","0.8333333333333334"
"Boeing B-707-124","66","0","0.0"
"Tupolev TU-154M / Boeing B-757-23APF","71","71","1.0"
"Douglas C-47A-20-DL","18","18","1.0"
"Douglas C-47A-20-DL","18","18","1.0"
"Tupolev TU-134A","92","54","0.5869565217391305"
"McDonnell Douglas DC-9-30","57","37","0.6491228070175439"
"Douglas DC-3","23","23","1.0"
"Douglas DC-3","27","5","0.18518518518518517"
"Douglas C-47A","10","10","1.0"
"Airbus A300B2-203","290","290","1.0"
"Douglas DC-6 / RAF York","39","39","1.0"
"Douglas DC-8-52","5","2","0.4"
"Douglas DC-6A","18","5","0.2777777777777778"
"Tupolev TU-154M","145","145","1.0"
"Boeing B-707-123B","27","25","0.9259259259259259"
"McDonnell Douglas DC-8-63","109","109","1.0"
"Boeing 737-200","86","3","0.03488372093023256"
"Douglas C-47","17","17","1.0"
"McDonnell Douglas DC-8-52","10","10","1.0"
"McDonnell Douglas MD-88","142","2","0.014084507042253521"
"Douglas DC9-15F","2","1","0.5"
"Boeing B-777-28EER","307","3","0.009771986970684038"
"Douglas DC-3","16","16","1.0"
"Douglas C-54G","23","23","1.0"
"McDonnell Douglas DC-8-43","94","94","1.0"
"Boeing 727-243F","5","5","1.0"
"Boeing B-747-209BSF","8","0","0.0"
"Douglas DC-6B","52","52","1.0"
"Tupolev TU-154B","166","166","1.0"
"Boeing 737-2J8C","117","117","1.0"
"Boeing B-727-100","115","77","0.6695652173913044"
"Boeing B17G","25","25","1.0"
"Douglas DC-3","29","22","0.7586206896551724"
"Douglas C-47A","3","3","1.0"
"Douglas DC-4","6","6","1.0"
"Tupolev TU-124V","61","2","0.03278688524590164"
"Boeing B-727-235","145","145","1.0"
"Airbus A-310-324ET","203","125","0.6157635467980296"
"Douglas DC-3","16","16","1.0"
"Tupolev TU-104B","85","1","0.011764705882352941"
"Tupolev TU-154B-2","200","200","1.0"
"Douglas C-47A","17","17","1.0"
"Douglas A-26B Invader","2","2","1.0"
"Douglas C-47","28","28","1.0"
"Douglas C-47B-DK","18","18","1.0"
"McDonnell Douglas DC-8-12","122","17","0.13934426229508196"
"Boeing B-707-345C","134","123","0.917910447761194"
"Boeing B-737-2V2","119","119","1.0"
"McDonnell Douglas DC-8 Super 61","261","261","1.0"
"Douglas DC-3-201C /  Army A-26","10","3","0.3"
"Douglas DC-3","33","33","1.0"
"Douglas C-47B","3","3","1.0"
"Douglas DC-6A","58","58","1.0"
"Douglas DC-3","35","35","1.0"
"Douglas DC-3","36","14","0.3888888888888889"
"Douglas C-118A","66","46","0.696969696969697"
"Tupolev TU-104B","32","32","1.0"
"Boeing 707-329C","7","7","1.0"
"Douglas C-47A","5","5","1.0"
"Douglas DC-2-243","22","22","1.0"
"Douglas DC-7C","58","1","0.017241379310344827"
"Douglas DC-3","11","1","0.09090909090909091"
"Douglas C-47A","3","1","0.3333333333333333"
"Douglas C-47","12","6","0.5"
"Tupolev 154M","168","168","1.0"
"Douglas DC-3","18","18","1.0"
"Douglas C-47","16","16","1.0"
"Douglas C-47","9","9","1.0"
"Douglas DC-7B","76","0","0.0"
"Douglas DC-3","22","22","1.0"
"Boeing B-747-131","230","230","1.0"
"Boeing B-737-2A8 Advanced","58","55","0.9482758620689655"
"Airbus A-320-233","187","187","1.0"
"Boeing 777-2H6ER","298","298","1.0"
"Douglas C-47","13","13","1.0"
"Douglas DC-3","9","9","1.0"
"Douglas C-47A","34","34","1.0"
"Douglas DC-6","67","67","1.0"
"Douglas DC-4-1009","42","42","1.0"
"Boeing B-727-22 / Cessna 310","82","82","1.0"
"McDonnell Douglas DC-10-10","298","112","0.37583892617449666"
"Douglas DC-2","13","13","1.0"
"Boeing B-17G / Boeing B-17G","20","20","1.0"
"Douglas C-47A","3","3","1.0"
"Douglas DC-3","5","5","1.0"
"Douglas C-47B","3","3","1.0"
"Douglas C-118A","3","3","1.0"
"Tupolev TU-154B","24","24","1.0"
"Douglas DC-6A","4","4","1.0"
"Douglas C-47A-10-DK","2","2","1.0"
"Douglas C-54A","37","37","1.0"
"Douglas DC-6A","6","6","1.0"
"Boeing 707-328C","6","6","1.0"
"Boeing B-707-321B","79","78","0.9873417721518988"
"Douglas DC-4","18","10","0.5555555555555556"
"Boeing 707-327C","6","6","1.0"
"Boeing B-767-233ER","69","0","0.0"
"Boeing B-747","517","1","0.0019342359767891683"
"Douglas DC-3","26","26","1.0"
"Douglas DC-3","3","3","1.0"
"Douglas DC-3","6","6","1.0"
"Douglas DC-4","3","3","1.0"
"Douglas DC-6B","82","38","0.4634146341463415"
"Douglas DC-6B","80","80","1.0"
"McDonnell Douglas DC-10-30","163","1","0.006134969325153374"
"Mc Donnell Douglas MD-83","116","116","1.0"
"Douglas C-47 Dakota","22","22","1.0"
"Douglas C-47","37","37","1.0"
"Douglas DC-3","18","18","1.0"
"Douglas DC-3","16","16","1.0"
"Tupolev TU-104B","126","97","0.7698412698412699"
"Boeing 707-321CF","4","4","1.0"
"Douglas C-47","40","25","0.625"
"Douglas C-53D-DO","9","4","0.4444444444444444"
"Douglas C-54A-DO (DC-4)","26","26","1.0"
"Boeing 707-331C","5","5","1.0"
"Boeing B-737-5L9","110","68","0.6181818181818182"
"Douglas C-47A-DK","22","22","1.0"
"Douglas C-47D","26","25","0.9615384615384616"
"Boeing 377 Stratocruiser","27","1","0.037037037037037035"
"McDonnell Douglas DC-8-63AF","4","4","1.0"
"McDonnell Douglas DC-9-32","66","30","0.45454545454545453"
"McDonnell Douglas DC-10-30","199","75","0.3768844221105528"
"Douglas DC-2-115L","15","15","1.0"
"Douglas DC-3","22","20","0.9090909090909091"
"Douglas C-124C","10","10","1.0"
"Airbus A321-231","152","152","1.0"
"McDonnell Douglas C-17A Globemaster III","4","4","1.0"
"Boeing B-747-48EF","2","2","1.0"
"Douglas DC-3 / Douglas DC-3","38","38","1.0"
"Douglas DC-3 -201D/ F-6-F- 5 Hellcat","16","16","1.0"
"Douglas DC-3","8","4","0.5"
"Boeing B-747-121","218","0","0.0"
"Boeing B-727-281 / Air Force F86F","164","163","0.9939024390243902"
"Boeing B-377 Stratofreighter","12","5","0.4166666666666667"
"Douglas C-47","26","26","1.0"
"McDonnell Douglas DC-9-31","89","89","1.0"
"Douglas C-47","10","10","1.0"
"Airbus A310-304","113","113","1.0"
"Douglas DC-3","17","17","1.0"
"Douglas C-54-DO (DC-4)","38","30","0.7894736842105263"
"Tupolev TU-104A","13","13","1.0"
"Tupolev TU-154A","45","45","1.0"
"McDonnell Douglas MD-82","145","11","0.07586206896551724"
"Airbus A330-203","228","228","1.0"
"Douglas DC-5","5","5","1.0"
"Boeing 377 Stratocruiser 10-26","57","1","0.017543859649122806"
"McDonnell Douglas DC-9-32","46","23","0.5"
"Boeing Vertol Chinook HC-2 (helicopter)","29","29","1.0"
"Boeing B-727-200","4","0","0.0"
"Douglas C-47A","4","1","0.25"
"Douglas C-54A","3","3","1.0"
"Boeing B-707-328","132","130","0.9848484848484849"
"Douglas C-47","29","29","1.0"
"Douglas DC-7CF","101","101","1.0"
"Douglas C54A","88","88","1.0"
"Tupolev TU-144","6","6","1.0"
"McDonnell Douglas MD-83","153","153","1.0"
"Douglas DC-3","3","1","0.3333333333333333"
"Tupolev Tu-104B","5","5","1.0"
"Boeing B-727-64","79","79","1.0"
"Boeing RC-135E","19","19","1.0"
"Boeing RC-135E","19","19","1.0"
"Douglas DC-2","4","0","0.0"
"Douglas C-47A","22","22","1.0"
"Douglas C-47A-DL","22","22","1.0"
"Douglas C-47A","22","22","1.0"
"Douglas DC-3","22","22","1.0"
"Douglas DC-3D","19","2","0.10526315789473684"
"McDonnell Douglas DC-9-31 / F4-B","51","50","0.9803921568627451"
"Boeing B-737-204","47","47","1.0"
"Tupolev TU-154M","160","160","1.0"
"Douglas C-47A-DL","20","20","1.0"
"Douglas C-47B","27","27","1.0"
"McDonnell Douglas DC-8 Super 62","187","176","0.9411764705882353"
"Douglas C-47","6","6","1.0"
"Douglas C-47-DL","4","4","1.0"
"Boeing B-727-212A","137","137","1.0"
"McDonnell Douglas DC-9-32","62","0","0.0"
"Douglas C-54D-DC (DC-4)","23","23","1.0"
"Douglas C-47 Dakota","18","18","1.0"
"Douglas DC-3-178","15","15","1.0"
"Boeing 707-327C","4","2","0.5"
"Boeing 727-286","7","7","1.0"
"Douglas DC-3","20","20","1.0"
"Airbus A-310-324","214","32","0.14953271028037382"
"Douglas DC-3","18","17","0.9444444444444444"
"Douglas DC-4-1009","52","46","0.8846153846153846"
"Douglas DC-3A-197D","4","3","0.75"
"Boeing B-707-321C","63","6","0.09523809523809523"
"McDonnell Douglas MD-81","22","22","1.0"
"Douglas DC-4 (C-54-DO)","50","50","1.0"
"Douglas DC-3","8","8","1.0"
"Douglas DC-4","5","5","1.0"
"Douglas C-47A","2","2","1.0"
"Boeing - EC-135N","24","24","1.0"
"Boeing Vertol CH-47 (helicopter)","47","47","1.0"
"McDonnell Douglas DC-10-30","275","3","0.01090909090909091"
"Douglas DC-4-1009","53","40","0.7547169811320755"
"McDonnell Douglas DC-8-53","87","82","0.9425287356321839"
"Boeing B-727-231","153","1","0.006535947712418301"
"Douglas C-47","3","3","1.0"
"Douglas C-47A","3","3","1.0"
"Douglas DC-3","17","9","0.5294117647058824"
"Douglas C-47","25","20","0.8"
"McDonnell Douglas 369D","4","4","1.0"
"Douglas DC-3","34","34","1.0"
"Douglas C-47A","20","19","0.95"
"Douglas DC-6","43","43","1.0"
"Douglas C-54B-1-DC","7","1","0.14285714285714285"
"Douglas DC-6","6","6","1.0"
"Douglas DC-3","12","2","0.16666666666666666"
"Boeing KC-135A","4","4","1.0"
"Douglas DC-3","15","15","1.0"
"Douglas C-47","4","2","0.5"
"Douglas C-124A Globemaster II","129","129","1.0"
"Douglas C-47B","9","9","1.0"
"Douglas DC-2","4","4","1.0"
"McDonnell Douglas DC-9-15","27","27","1.0"
"Douglas DC-6BF","18","2","0.1111111111111111"
"Tupolev Tu-134","52","47","0.9038461538461539"
"Douglas DC-3","28","1","0.03571428571428571"
"Douglas M-4","1","1","1.0"
"Douglas C-47A","3","3","1.0"
"Boeing B-707-328","112","112","1.0"
"Boeing B-707-437","111","17","0.15315315315315314"
"Tupolev TU-134A","59","1","0.01694915254237288"
"Boeing 737-2A1C","3","3","1.0"
"Douglas DC-4","58","58","1.0"
"Douglas DC-3","18","14","0.7777777777777778"
"Douglas DC-4","14","14","1.0"
"Boeing B-747-237B","329","329","1.0"
"Boeing B-50 Superfortress","11","11","1.0"
"Douglas DC-3","17","16","0.9411764705882353"
"Boeing B-727-225","124","113","0.9112903225806451"
"Boeing B-747","257","0","0.0"
"Tupolev TU-134A","80","16","0.2"
"Douglas C-47A","7","5","0.7142857142857143"
"Boeing C-135A","85","85","1.0"
"Douglas DC-3","17","1","0.058823529411764705"
"Douglas DC-4-1009","29","29","1.0"
"McDonnell Douglas DC-9-32","107","2","0.018691588785046728"
"Airbus A320-111","136","3","0.022058823529411766"
"Boeing KC-135A","15","15","1.0"
"Douglas DC-3","12","2","0.16666666666666666"
"Boeing 307B-1 Stratoliner","39","19","0.48717948717948717"
"Airbus A300","258","7","0.027131782945736434"
"McDonnell Douglas DC-9-15","81","81","1.0"
"Boeing B-707-321B","153","0","0.0"
"Douglas DC-3 (C-47-DL)","27","1","0.037037037037037035"
"Douglas DC-3","24","17","0.7083333333333334"
"Boeing 737-2M2","78","5","0.0641025641025641"
"Douglas C-47B","18","18","1.0"
"Douglas DC-3","26","24","0.9230769230769231"
"Boeing TB-29A Super Fortress","12","12","1.0"
"Douglas DC-6B","50","50","1.0"
"Douglas DC-7 / Lockheed S Constellation","128","128","1.0"
"Tupolev TU-104A","84","84","1.0"
"Tupolev TU-134A","85","2","0.023529411764705882"
"Douglas DC-4","3","3","1.0"
"Airbus A330-321","7","7","1.0"
"Airbus A310-324","153","152","0.9934640522875817"
"Douglas DC-2-112","9","9","1.0"
"Boeing B-707-123B","95","95","1.0"
"Douglas DC-3","21","20","0.9523809523809523"
"McDonnell Douglas DC-10-10","200","2","0.01"
"Douglas DC-3","22","20","0.9090909090909091"
"Douglas DC-3","25","16","0.64"
"Douglas C-54B","5","5","1.0"
"Douglas DC-3","27","27","1.0"
"McDonnell Douglas MD-82","116","0","0.0"
"Douglas DC-3","12","8","0.6666666666666666"
"Douglas DC-3-227B","27","27","1.0"
"McDonnell Douglas DC-10-10","346","346","1.0"
"Boeing B-737-291","25","25","1.0"
"Boeing B-737-4D7","5","1","0.2"
"Douglas C-47A-DL","20","20","1.0"
"Douglas DC-7C","111","111","1.0"
"McDonnell Douglas DC-8-43","72","64","0.8888888888888888"
"McDonnell Douglas DC-8-63CF","4","2","0.5"
"Boeing B-707-436","124","124","1.0"
"McDonnell Douglas DC-8-33","90","51","0.5666666666666667"
"MD Douglas DC-9-32/Convair CV-990A","182","68","0.37362637362637363"
"McDonnell Douglas DC-9-32","45","45","1.0"
"Boeing B-737-3T5","142","0","0.0"
"Douglas DC-3","21","5","0.23809523809523808"
"Douglas DC-3","7","2","0.2857142857142857"
"Boeing B-707-328C","63","63","1.0"
"Boeing B-737-2T4","103","102","0.9902912621359223"
"Boeing B-737-497","140","22","0.15714285714285714"
"Douglas C-47-DL","9","9","1.0"
"Douglas C-47B","13","13","1.0"
"Douglas DC-3","26","26","1.0"
"Douglas DC-6B","5","5","1.0"
"Douglas DC-3","30","1","0.03333333333333333"
"Douglas DC-3","28","28","1.0"
"Douglas DC-3","12","10","0.8333333333333334"
"Tupolev Tu-124V","30","30","1.0"
"Douglas DC-4","3","3","1.0"
"Boeing 737-2R4C","4","4","1.0"
"Boeing 777-200","239","239","1.0"
"Douglas C-47A","8","8","1.0"
"Douglas DC-3","15","15","1.0"
"Douglas DC-3","12","12","1.0"
"MD Douglas DC-9-15 / Beechcraft Baron-55","26","26","1.0"
"Douglas DC6B","20","19","0.95"
"Douglas DC-3 (C-47DL)","25","25","1.0"
"Douglas DC-4","13","12","0.9230769230769231"
"Douglas C-47A-35-DL","3","3","1.0"
"Douglas DC-4","3","3","1.0"
"Douglas DC-6A","5","5","1.0"
"Douglas C-47J","25","25","1.0"
"Boeing 707-336C","6","6","1.0"
"Douglas C-53","3","3","1.0"
"Douglas DC-4","24","24","1.0"
"McDonnell Douglas DC-9-32","50","23","0.46"
"Mc Donnell Douglas 369FF Rotocraft","5","1","0.2"
"Douglas DC-4 (C-54G-1-DO)","30","30","1.0"
"Boeing B-29 / Boeing B-29","15","15","1.0"
"Douglas C-47A","7","5","0.7142857142857143"
"Douglas DC-3C","5","5","1.0"
"Douglas DC-4","26","26","1.0"
"Douglas C-53","3","3","1.0"
"Douglas DC-3","6","6","1.0"
"Boeing KC-135A","5","5","1.0"
"Boeing KC-135","6","6","1.0"
"Douglas DC-2-221","17","13","0.7647058823529411"
"Douglas DC-3 (C-47A-90-DL)","23","23","1.0"
"Douglas C-47A","2","2","1.0"
"Boeing B-727-2D3","64","45","0.703125"
"Douglas DC-3 (C47-DL)","14","14","1.0"
"Douglas DC-6B","39","39","1.0"
"Boeing RC-135S","24","6","0.25"
"Tupolev 154M","174","3","0.017241379310344827"
"Douglas DC-3","33","3","0.09090909090909091"
"McDonnell Douglas DC-9-32","84","84","1.0"
"Tupolev TU-134","73","73","1.0"
"Douglas DC-3","8","8","1.0"
"Douglas C-47-A-75-DL Skytrain","25","24","0.96"
"Tupolev TU-104B","119","58","0.48739495798319327"
"Boeing B-727-21","143","143","1.0"
"Douglas C-47A-5-DK","2","2","1.0"
"Boeing 307 Stratoliner","10","10","1.0"
"Douglas DC-3","19","19","1.0"
"McDonnell Douglas DC-9-33RC","2","2","1.0"
"Douglas DC-3C","2","2","1.0"
"Douglas DC-3C (C-47A-DK)","8","8","1.0"
"Douglas C-47B","26","26","1.0"
"McDonnell Douglas DC-9-32","22","22","1.0"
"Douglas C-54D","62","62","1.0"
"Boeing KC-135C","27","27","1.0"
"Boeing B-727-228","45","45","1.0"
"Boeing 737-8KN (WL)","62","62","1.0"
"Douglas DC-4  (C-54-10-DO)","35","35","1.0"
"Douglas DC-3","27","16","0.5925925925925926"
"Douglas C-47","27","27","1.0"
"Douglas DC-3","21","2","0.09523809523809523"
"Boeing B-707-349C","3","3","1.0"
"Douglas DC-3","14","3","0.21428571428571427"
"Douglas DC-6","47","45","0.9574468085106383"
"Douglas C-47-DL","4","4","1.0"
"Douglas R6D-1 (C-118B)","66","66","1.0"
"Boeing C-97C","67","67","1.0"
"Douglas C-47","28","28","1.0"
"Tupolev 134A","5","4","0.8"
"Airbus A.320-214","127","0","0.0"
"Douglas C-124A Globemaster","53","53","1.0"
"Airbus A310-304","75","75","1.0"
"McDonnell Douglas MD-11","2","2","1.0"
"Douglas DC-3","20","20","1.0"
"Douglas C-54","5","5","1.0"
"Boeing 707-321C","7","7","1.0"
"Airbus A320-211","150","150","1.0"
"Douglas DC-2-112","13","13","1.0"
"Douglas DC-3","15","15","1.0"
"Douglas DC-7-C","24","9","0.375"
"Douglas C-47DL","28","23","0.8214285714285714"
"Douglas DC-2-112","12","8","0.6666666666666666"
"Douglas DC-3","20","11","0.55"
"Douglas DC-3","18","18","1.0"
"Boeing 377 Stratocruiser 10-26","23","4","0.17391304347826086"
"Douglas C-47","26","22","0.8461538461538461"
"Douglas DC-3","15","15","1.0"
"Douglas C-47-DL","24","24","1.0"
"Douglas C-47A-90-DL","24","24","1.0"
"Douglas C-47A-75-DL Dakota 3","3","2","0.6666666666666666"
"Douglas C-124C / Fairchild C-119C","18","18","1.0"
"McDonnell Douglas DC-9 and Cessna 150F","51","2","0.0392156862745098"
"Boeing B-747-121 / Boeing B-747-206B","644","583","0.90527950310559"
"Douglas C-47B","3","1","0.3333333333333333"
"Douglas C-54A-10-DC","9","9","1.0"
"Douglas DC-3","12","12","1.0"
"Douglas DC-3","24","24","1.0"
"Douglas DC-3","29","10","0.3448275862068966"
"Douglas DC-3","11","11","1.0"
"McDonnell Douglas DC-8-51","6","6","1.0"
"Boeing 95","1","1","1.0"
"Douglas C-47A","3","3","1.0"
"Douglas C-47A","19","19","1.0"
"Boeing B-720-047B","5","5","1.0"
"Boeing B-727-264","167","167","1.0"
"Douglas DC-8-55F","4","4","1.0"
"Boeing B-747-466","5","0","0.0"
"Airbus A310-324","60","60","1.0"
"Douglas DST-A-207A","17","17","1.0"
"Douglas DC-6","37","37","1.0"
"Douglas C-47DL","15","15","1.0"
"Douglas DC-3","5","5","1.0"
"McDonnell Douglas DC-9-33CF","63","23","0.36507936507936506"
"Douglas C-47","24","22","0.9166666666666666"
"Boeing 40","2","2","1.0"
"Douglas DC-6B","55","55","1.0"
"Douglas DC-3","6","3","0.5"
"Tupolev TU-134A / Antonov An-26","76","76","1.0"
"Airbus A320-211","113","113","1.0"
"Boeing CH47A (helicopter)","20","20","1.0"
"Boeing 40","2","2","1.0"
"Douglas C-54E-DO (DC-4)","21","21","1.0"
"Douglas C-47A","29","11","0.3793103448275862"
"Douglas C-47A","3","1","0.3333333333333333"
"Douglas DC-3","11","11","1.0"
"Douglas C-47A","11","11","1.0"
"McDonnell Douglas DC-8-43","115","115","1.0"
"Douglas DC-6BF","3","3","1.0"
"Boeing B-737-282","88","75","0.8522727272727273"
"Boeing B-737-8AL","114","114","1.0"
"Douglas DC-2-112","14","5","0.35714285714285715"
"Douglas C-47A","18","12","0.6666666666666666"
"Boeing Vertol CH47A (helicopter)","74","30","0.40540540540540543"
"Douglas DC-6A","3","3","1.0"
"Boeing EC-135N","21","21","1.0"
"Douglas DC-3","13","13","1.0"
"Boeing B-737-566","62","14","0.22580645161290322"
"McDonnell Douglas MD-82","112","112","1.0"
"Douglas C-47","32","32","1.0"
"Douglas C-54","49","46","0.9387755102040817"
"Douglas C-54","10","10","1.0"
"Douglas C-47B","7","7","1.0"
"Boeing B-727-235","58","3","0.05172413793103448"
"Boeing B-737-31B","74","35","0.47297297297297297"
"Douglas DC-3C","6","6","1.0"
"Douglas DC-3","17","17","1.0"
"Douglas DC-3","18","18","1.0"
"Boeing B-747-131F","17","17","1.0"
"Boeing Vertol CH47A (helicopter)","34","34","1.0"
"Boeing C-135B","84","79","0.9404761904761905"
"Douglas C-47B","2","2","1.0"
"Boeing B-737-3Y0","119","8","0.06722689075630252"
"McDonnell Douglas DC-9-32","110","110","1.0"
"Douglas DC-3-A-269","14","3","0.21428571428571427"
"Douglas DC-3","34","34","1.0"
"Douglas C-47-DL","16","16","1.0"
"Airbus A330-202","104","103","0.9903846153846154"
"Douglas C-47B-DK","23","20","0.8695652173913043"
"Douglas DC-4-1009","32","31","0.96875"
"Douglas DC-3","22","5","0.22727272727272727"
"Douglas DC-4","3","2","0.6666666666666666"
"Douglas DC-3","2","2","1.0"
"Boeing 707-321C","6","6","1.0"
"Douglas DC-3-455","13","13","1.0"
"Douglas DC-3","31","14","0.45161290322580644"
"Douglas DC-3","10","10","1.0"
"Douglas DC-4-1009","12","12","1.0"
"Douglas DC-3","3","3","1.0"
"Douglas C-47B","14","13","0.9285714285714286"
"Douglas DC-6BF","5","3","0.6"
"Boeing 40","3","3","1.0"
"Douglas DC-3","27","27","1.0"
"Douglas DC-47","22","22","1.0"
"Douglas C-47A","3","3","1.0"
"Boeing B-29","16","16","1.0"
"Douglas DC-3","20","19","0.95"
"Tupolev ANT-20 / I-5","50","50","1.0"
"Douglas DC-3","6","6","1.0"
"Douglas DC-3","20","20","1.0"
"Douglas DC-7C","65","61","0.9384615384615385"
"Boeing KC-135A","11","11","1.0"
"Tupolev TU-104A","81","81","1.0"
"Douglas DC-8-54F","3","3","1.0"
"Douglas C-47A","11","11","1.0"
"Tupolev TU-154B","134","4","0.029850746268656716"
"Boeing B-727-46","132","132","1.0"
"Airbus A320-232","66","66","1.0"
"Douglas C-47A","4","3","0.75"
"Boeing B-720-040B","127","121","0.952755905511811"
"Douglas C-47-DL","16","4","0.25"
"Douglas C-47","9","8","0.8888888888888888"
"Douglas DC-3","28","3","0.10714285714285714"
"Boeing B-707-124","45","45","1.0"
"Boeing 737-8HG","166","159","0.9578313253012049"
"Douglas C-47","6","6","1.0"
"Tupolev TU-134A","83","78","0.9397590361445783"
"Tupolev TU-154B-1","181","13","0.0718232044198895"
"Boeing 95","1","1","1.0"
"Douglas DST-A-207A","10","10","1.0"
"Douglas C-47","26","25","0.9615384615384616"
"Douglas DC-3","7","6","0.8571428571428571"
"Douglas C-47-DL (DC-3)","31","30","0.967741935483871"
"Douglas C-124A-DL","22","22","1.0"
"Douglas C-47","13","13","1.0"
"Boeing B-737-3T0","45","0","0.0"
"McDonnell Douglas DC-10-10","271","271","1.0"
"Boeing B-737-200","118","2","0.01694915254237288"
"Douglas DC-3C","11","2","0.18181818181818182"
"Airbus A.330-301","298","1","0.003355704697986577"
"Boeing B-747-209B","225","225","1.0"
"Douglas C-47","12","12","1.0"
"Douglas DC-6","6","6","1.0"
"Boeing B-767-3Z9ER","223","223","1.0"
"Boeing 221","1","1","1.0"
"Douglas DC-3","14","14","1.0"
"Douglas C-47-DL (DC-3)","3","3","1.0"
"Douglas DC-3 (C-53D-DO)","29","7","0.2413793103448276"
"Douglas C-54B","48","43","0.8958333333333334"
"Douglas C-54D-DC (DC-4)","40","40","1.0"
"Douglas DC-3","25","25","1.0"
"Douglas DC-3","4","4","1.0"
"Douglas C-47B-dK","21","21","1.0"
"Douglas C-54B-15-DO","53","53","1.0"
"Douglas DC-3","15","13","0.8666666666666667"
"McDonnell Douglas DC-8-53","61","61","1.0"
"McDonnell Douglas DC-9-14","4","4","1.0"
"Airbus A-320-233","136","3","0.022058823529411766"
"Douglas DC-3","19","19","1.0"
"Douglas DC-3","15","15","1.0"
"Boeing B-737-2A8","65","48","0.7384615384615385"
"Douglas C-47A-DK","30","26","0.8666666666666667"
"Douglas C-54B / P-38","55","55","1.0"
"Douglas DC-6B","44","44","1.0"
"Douglas DC-7C","88","45","0.5113636363636364"
"Douglas DC-3C","18","11","0.6111111111111112"
"Douglas DC-3","5","5","1.0"
"Douglas C-47A","30","30","1.0"
"Douglas C-54G","44","44","1.0"
"Boeing B-29A Superfortress","13","13","1.0"
"Douglas DC-3","28","28","1.0"
"Douglas DC-4","7","7","1.0"
"Douglas C-47-DL","8","8","1.0"
"Douglas C-54","68","68","1.0"
"Boeing B-707-321C","3","3","1.0"
"McDonnell Douglas DC-10-10","128","1","0.0078125"
"Douglas DC-3","10","10","1.0"
"Douglas DC-3","24","24","1.0"
"Douglas DC-3","17","17","1.0"
"Douglas DC-3","3","3","1.0"
"Douglas C-54A","5","5","1.0"
"Douglas C-47","26","13","0.5"
"Douglas C-47A","4","4","1.0"
"Douglas DC-3","2","2","1.0"
"Douglas DC-3","18","18","1.0"
"Douglas C-54B-1-DC","6","5","0.8333333333333334"
"Boeing B-707-131","36","1","0.027777777777777776"
"Boeing-Vertol Chinook","47","45","0.9574468085106383"
"Tupolev Tu-142M3","11","11","1.0"
"Boeing B-727-231","143","143","1.0"
"Douglas DC-3","23","3","0.13043478260869565"
"Boeing - 377-10-29 Stratocruiser","44","44","1.0"
"Douglas DC-3","3","3","1.0"
"Douglas DC-3","24","22","0.9166666666666666"
"Douglas C-47DL","30","30","1.0"
"Boeing B-727-23","62","58","0.9354838709677419"
"McDonnell Douglas DC-9-32","18","18","1.0"
"Boeing B-737-200","130","130","1.0"
"Boeing 247","9","4","0.4444444444444444"
"Douglas C-47A-DL","24","24","1.0"
"Douglas C-47B","4","2","0.5"
"McDonnell Douglas DC-9-31","18","18","1.0"
"Douglas DC-3","27","27","1.0"
"Tupolev TU-124","64","32","0.5"
"Boeing B-17G","20","20","1.0"
"Douglas C-54","44","44","1.0"
"Douglas DC-3 (C-53D-DO)","20","2","0.1"
"Douglas DC-6","25","0","0.0"
"Boeing B-727-22","91","43","0.4725274725274725"
"Boeing B-747-168B / Ilyushin IL-76TD","349","349","1.0"
"Airbus A-300-605R","260","260","1.0"
"Douglas C-48","17","16","0.9411764705882353"
"Douglas C-53D-DO (DC-3)","11","11","1.0"
"Douglas DC-3","15","15","1.0"
"Douglas C-54B-1-DC","52","52","1.0"
"McDonnell Douglas MD-82","102","12","0.11764705882352941"
"Boeing B-737-2F9","137","9","0.06569343065693431"
"Douglas DC-3","19","6","0.3157894736842105"
"Douglas C-47A-90 DL (DC-3)","26","26","1.0"
"McDonnell Douglas DC-9-31","75","75","1.0"
"McDonnell Douglas DC-9-32","46","46","1.0"
"Douglas C-47 Dakota-DK","28","28","1.0"
"Douglas C-54A-10-DC","25","25","1.0"
"Boeing 727-21","3","3","1.0"
"Douglas C-47A-30","8","1","0.125"
"McDonnell Douglas DC-8-Super 63CF","262","183","0.6984732824427481"
"Boeing B-727","78","0","0.0"
"McDonnell Douglas DC-9-14","82","28","0.34146341463414637"
"Douglas C-47","23","23","1.0"
"Douglas DC-3","24","24","1.0"
"Douglas DC-7B","42","42","1.0"
"Tupolev TU-154B-2","167","99","0.592814371257485"
"Douglas DC-3","23","2","0.08695652173913043"
"Douglas C-54","74","28","0.3783783783783784"
"Douglas MC-54M","14","14","1.0"
"Douglas DC-3","36","36","1.0"
"Douglas DC-3","27","27","1.0"
"Boeing 737-53A","50","50","1.0"
"Boeing 40","3","3","1.0"
"Douglas DC-3","22","15","0.6818181818181818"
"Boeing 727-23F","5","5","1.0"
"Douglas C-47","3","3","1.0"
"Douglas C-53","3","2","0.6666666666666666"
"Douglas C-47A-DL","30","25","0.8333333333333334"
"Douglas DC-3","5","5","1.0"
"Boeing 707-360C","5","5","1.0"
"Boeing B-727-282","164","131","0.7987804878048781"
"Boeing B-747-2B5B","226","15","0.06637168141592921"
"Douglas C-47A","35","34","0.9714285714285714"
"Douglas C124-DL Globemaster II","11","10","0.9090909090909091"
"Douglas DC-3","24","2","0.08333333333333333"
"Boeing B-747-130","157","59","0.37579617834394907"
"Airbus A300-600R","114","1","0.008771929824561403"
"Douglas DC-3","21","21","1.0"
"Douglas DC-3","17","16","0.9411764705882353"
"Douglas DC-4","27","24","0.8888888888888888"
"Douglas C-47A","27","27","1.0"
"Douglas C-124A Globemaster","52","52","1.0"
"Douglas DC-3","30","30","1.0"
"McDonnell Douglas DC-8-62","107","0","0.0"
"McDonnell Douglas DC-9-82 / Cessna 441","142","2","0.014084507042253521"
"Boeing 40","1","1","1.0"
"Douglas DC-3","9","9","1.0"
"Douglas DC-3","33","33","1.0"
"Douglas C-54 Skymaster","35","21","0.6"
"Douglas C-54D","37","23","0.6216216216216216"
"Boeing B-707-331","73","50","0.684931506849315"
"Boeing B-767-260ER","175","127","0.7257142857142858"
"Boeing 247","2","2","1.0"
"Douglas DC-4","7","6","0.8571428571428571"
"Douglas DC-6B","35","34","0.9714285714285714"
"Douglas C-47A-35-DL","20","20","1.0"
"Boeing B-737-266","103","60","0.5825242718446602"
"Boeing B-737-3Y0","141","141","1.0"
"Douglas M-4","1","1","1.0"
"Douglas C-47A","3","3","1.0"
"Douglas C-47B-DK","3","1","0.3333333333333333"
"Boeing 40","1","1","1.0"
"Douglas DC-3 (C-47A-90-DL)","22","22","1.0"
"Douglas DC-3","21","21","1.0"
"Douglas DC-3","12","12","1.0"
"Douglas C-47D","25","25","1.0"
"Boeing B-707-340C","156","156","1.0"
"Douglas DC-3","22","22","1.0"
"Douglas DC-3C","13","13","1.0"
"Douglas DC-3","3","2","0.6666666666666666"
"Boeing B-707-441","97","97","1.0"
"Douglas C-53-DO (DC-3A)","13","13","1.0"
"McDonnell Douglas DC-8-63CF","229","47","0.2052401746724891"
"Boeing B-747-283B","192","181","0.9427083333333334"
"Boeing B-727-21","107","107","1.0"
"Boeing 747-246F","13","1","0.07692307692307693"
"Airbus A320-232","7","7","1.0"
"Douglas C-47B","20","20","1.0"
"Douglas C-54G (DC-4)","38","37","0.9736842105263158"
"Boeing Vertol CH-47C","34","34","1.0"
"McDonnell Douglas DC-8-62","76","62","0.8157894736842105"
"Tupolev TU-104B","73","73","1.0"
"McDonnell Douglas DC-10-30","257","257","1.0"
"Douglas DC-7B","2","2","1.0"
"Boeing B-747-244B Combi","159","159","1.0"
"McDonnell Douglas MD-11F","7","3","0.42857142857142855"
"Douglas M-4","1","1","1.0"
"Douglas DC 3-A-SB-3-G-14","7","5","0.7142857142857143"
"Douglas DC-6","46","28","0.6086956521739131"
"Douglas DC-4","38","5","0.13157894736842105"
"McDonnell Douglas DC-8F-54F","118","118","1.0"
"Douglas DC-4","14","6","0.42857142857142855"
"Boeing B-707-3B5C","115","115","1.0"
"Douglas C-47","3","3","1.0"
"Douglas C-54A","28","8","0.2857142857142857"
"Douglas DC-3","7","2","0.2857142857142857"
"Boeing RB-52B","10","10","1.0"
"Douglas DC-7B","51","25","0.49019607843137253"
"Douglas DC-6A","3","3","1.0"
"Boeing 707-323C","6","2","0.3333333333333333"
"McDonnell-Douglas MD-82","154","26","0.16883116883116883"
"McDonnell Douglas MD-83","57","57","1.0"
"Douglas C-39-DO  (DC-2)","22","22","1.0"
"McDonnell Douglas DC-9-14","18","18","1.0"
"Douglas C54A","35","19","0.5428571428571428"
"Douglas DC-6B","80","80","1.0"
"Douglas DC-3","9","9","1.0"
"Boeing B-737-247 / Boeing B-757-21B","226","128","0.5663716814159292"
"Boeing B-757-200","70","70","1.0"
"Douglas DC-3C","27","1","0.037037037037037035"
"Douglas C-54E-5-DO","39","39","1.0"
"de Havilland C-7B / Boeing Vertol CH-47A","25","25","1.0"
"Douglas C-47A-1-DK","15","15","1.0"
"McDonnell Douglas DC-9-31","97","1","0.010309278350515464"
"Douglas DC-7CF","4","4","1.0"
"Boeing KC-135A","4","4","1.0"
"Boeing B-747-258F","4","4","1.0"
"Tupolev Tu-154M","78","78","1.0"
"Douglas DC-3","11","4","0.36363636363636365"
"Douglas DC-4","66","66","1.0"
"Douglas DC-3","11","3","0.2727272727272727"
"McDonnell Douglas DC-8-43","73","73","1.0"
"Douglas R6D-1 (DC-6)","18","18","1.0"
"McDonnell Douglas DC-9-31","88","0","0.0"
"Boeing 247D","12","12","1.0"
"Douglas C-47","3","3","1.0"
"Douglas DC-3","34","34","1.0"
"Douglas DC-4","41","2","0.04878048780487805"
"Douglas DC-4","54","0","0.0"
"Douglas DC-3","8","8","1.0"
"McDonnell Douglas DC-8-62","156","14","0.08974358974358974"
"Douglas C-74","6","6","1.0"
"Boeing 247-D","10","10","1.0"
"Douglas C188-B","59","59","1.0"
"Tupolev TU-104B","25","25","1.0"
"Tupolev Tu-154","6","6","1.0"
"McDonnell Douglas DC-9-32","74","74","1.0"
"Boeing B-727-30","41","41","1.0"
"Tupolev TU-154B","179","174","0.9720670391061452"
"Boeing KC-135A","17","6","0.35294117647058826"
"Douglas DC-3","7","4","0.5714285714285714"
"Tupolev TU-104B","122","122","1.0"
"Boeing B-707-31","3","3","1.0"
"Boeing 314A","69","0","0.0"
"Douglas DC-3","28","14","0.5"
"Boeing Vetrol 107 II helicopter","6","6","1.0"
"Boeing 747-244B-SF","7","7","1.0"
"Douglas DC3-G102","15","15","1.0"
"Douglas DC-3","17","17","1.0"
"Boeing C-97A Stratofreighter","12","12","1.0"
"Douglas C-47A","20","20","1.0"
"Boeing 737-286","80","3","0.0375"
"Douglas DC-3C","3","3","1.0"
"Douglas DC-3","3","3","1.0"
"Boeing  377 Stratocruiser","31","0","0.0"
"Douglas DC-3","19","19","1.0"
"Douglas DC-3","13","13","1.0"
"Douglas C-47B","11","11","1.0"
"Douglas C-47A","29","28","0.9655172413793104"
"Douglas C-47B","7","2","0.2857142857142857"
"Tupolev TU-104A","80","80","1.0"
"Douglas C-47A","8","8","1.0"
"Douglas DC-3 / Piper PA-18A","19","19","1.0"
"Douglas C-47A","21","19","0.9047619047619048"
"Boeing B-707-338C","52","33","0.6346153846153846"
"Douglas DC-3C","4","4","1.0"
"Douglas M-4","1","1","1.0"
"Douglas C-47A","2","2","1.0"
"Boeing 307 Stratoliner B-1","13","13","1.0"
"Douglas C-46A-CU ( DC-3)","21","21","1.0"
"Douglas DC-3","3","3","1.0"
"Douglas DC-3","8","1","0.125"
"Tupolev TU-134A","44","34","0.7727272727272727"
"Boeing B-737-2A8","129","124","0.9612403100775194"
"Douglas C-47B-40-DK","4","4","1.0"
"Douglas C-47","31","31","1.0"
"Douglas C-47B","25","25","1.0"
"Douglas DC-3","37","1","0.02702702702702703"
"Douglas C-47A-25","19","19","1.0"
"Tupolev TU-134A","93","70","0.7526881720430108"
"Tupolev Tu-104A","3","3","1.0"
"Douglas C-47D","23","23","1.0"
"Boeing B-727-224","146","127","0.8698630136986302"
"Boeing 707-330C","6","6","1.0"
"Douglas DC-3","15","13","0.8666666666666667"
"Douglas C-47-DL","20","20","1.0"
"Douglas DC-3","12","12","1.0"
"Boeing B-707-323C","4","4","1.0"
"Boeing B-737-2L9","117","117","1.0"
"Douglas DC-3 / Lockheed B-34","13","12","0.9230769230769231"
"Douglas C-47B","14","14","1.0"
"Douglas C-47","31","31","1.0"
"Douglas DC-6","53","53","1.0"
"Douglas C-47A-DL","21","21","1.0"
"Douglas DC-3","16","16","1.0"
"Douglas DC-2-112","18","18","1.0"
"Tupolev TU-104B","11","11","1.0"
"Douglas C-47DL","32","32","1.0"
"Douglas DC-4A","18","18","1.0"
"Douglas DC-4-1009","44","44","1.0"
"Douglas C-47A-DL","19","1","0.05263157894736842"
"Boeing B-737-209","54","54","1.0"
"McDonnell Douglas MD-82","80","2","0.025"
"Douglas C-54A","5","2","0.4"
"Douglas C-47","29","27","0.9310344827586207"
"Douglas DC-3","21","21","1.0"
"Douglas C-54A-DC","12","12","1.0"
"Douglas DC-3","15","2","0.13333333333333333"
"Douglas DC-2","14","9","0.6428571428571429"
"Boeing KC-97G Stratofreighter","16","16","1.0"
"Douglas DC-6","19","19","1.0"
"Douglas DC-3","18","18","1.0"
"Douglas DC-3","37","1","0.02702702702702703"
"Boeing 737-2B7","105","96","0.9142857142857143"
"Boeing B-247-D","4","4","1.0"
"Douglas DC-3","15","14","0.9333333333333333"
"Douglas DC-3","20","20","1.0"
"Douglas DC-3","27","26","0.9629629629629629"
"McDonnell Douglas DC-9-32","120","75","0.625"
"Douglas C-47B","25","25","1.0"
"Boeing Vertol CH-47 (helicopter)","22","22","1.0"
"McDonnell Douglas DC-10-10","88","72","0.8181818181818182"
"Douglas C-47B","4","4","1.0"
"Boeing B-767-366ER","217","217","1.0"
"Boeing B-747-412","179","83","0.46368715083798884"
"Airbus A321-231","224","224","1.0"
"Boeing 247","3","3","1.0"
"Douglas DC-3","21","21","1.0"
"Tupolev TU-134","34","27","0.7941176470588235"
"Boeing B-747-230B","269","269","1.0"
"Tupolev Tu-154M","148","29","0.19594594594594594"
"Douglas DC-3","13","13","1.0"
"Douglas DC-3","9","9","1.0"
"Douglas C-124C Globemaster","19","19","1.0"
"Douglas C-47","35","35","1.0"
"Tupolev Tu-124","37","37","1.0"
"Tupolev TU-124","37","37","1.0"
"McDonnell Douglas MD-11","229","229","1.0"
"Douglas C-47","7","7","1.0"
"Douglas DC-3 (C-53D-DO)","22","22","1.0"
"Douglas DC-3","8","8","1.0"
"Tupolev TU-104A","86","86","1.0"
"Boeing B-737-241","54","13","0.24074074074074073"
"Tupolev TU-134","66","65","0.9848484848484849"
"Boeing B747-44AF","2","2","1.0"
"Douglas DC-3","26","20","0.7692307692307693"
"Douglas DC-3","23","16","0.6956521739130435"
"Douglas C-47","34","28","0.8235294117647058"
"Boeing B-727-193","111","111","1.0"
"Douglas DC-3 (C-47-A5-DL)","22","21","0.9545454545454546"
"Douglas DC-3","19","5","0.2631578947368421"
"Boeing B-747-121","384","16","0.041666666666666664"
"Boeing 737-230","117","99","0.8461538461538461"
"Douglas DC-3","2","2","1.0"
"Douglas DC-3","16","1","0.0625"
"McDonnell Douglas DC-9-14","31","31","1.0"
"Douglas DC-3","22","22","1.0"
"Douglas C-47A","4","4","1.0"
"Douglas DC-6","31","31","1.0"
"Douglas DC-3","13","13","1.0"
"Douglas C-47A","3","3","1.0"
"Douglas DC-3","33","2","0.06060606060606061"
"Boeing B-52 / Boeing B-52","16","13","0.8125"
"Douglas DC-3","16","1","0.0625"
"Douglas DC-3","32","32","1.0"
"McDonnell Douglas DC-8-63CF","11","11","1.0"
"McDonnell Douglas DC-8-63F","6","6","1.0"
"Boeing B-707-331B","88","88","1.0"
"Boeing B-737-3B7","132","132","1.0"
"Douglas DC-3","23","23","1.0"
"Douglas DC-3 / Cessna 170B","18","0","0.0"
"MD Douglas DC-9-31/Piper Cherokee PA-28","83","83","1.0"
"Tupolev TU-134A","90","76","0.8444444444444444"
"Boeing B-17F / Boeing B-17F","22","22","1.0"
"Douglas DC-6B","83","83","1.0"
"Boeing KC-135A","44","44","1.0"
"Douglas C-47A","4","4","1.0"
"Douglas DC-3","11","11","1.0"
"McDonnell Douglas DC-9-31 / Trident 3B","176","176","1.0"
"Douglas C-47","3","3","1.0"
"Douglas C-47A","11","11","1.0"
"Douglas DC-3A","11","11","1.0"
"McDonnell Douglas DC-9-31","82","70","0.8536585365853658"
"Douglas C-47-DL","9","1","0.1111111111111111"
"Boeing 707-324C","6","6","1.0"
"Boeing Vertol CH-47C (helicopter)","46","46","1.0"
"Boeing B-727-247","18","18","1.0"
"Boeing 767-223ER","92","92","1.0"
"Boeing B-767-222","65","65","1.0"
"Boeing B-757-223","64","64","1.0"
"Boeing B-757-222","44","44","1.0"
"Boeing 377 Stratocruiser 10-34","3","3","1.0"
"Douglas DC-3","39","39","1.0"
"Douglas DC-3","26","7","0.2692307692307692"
"Douglas DC-4","3","3","1.0"
"Douglas DC-7BF","4","4","1.0"
"Douglas DC-3","34","34","1.0"
"Douglas C-47","31","31","1.0"
"McDonnell Douglas DC-10-30CF","394","50","0.12690355329949238"
"Tupolev TU-154M / C-141 Starlifter","33","33","1.0"
"Douglas DC-3","8","8","1.0"
"Douglas C-47A","2","1","0.5"
"Douglas DC-3","17","17","1.0"
"Douglas DC-3","21","20","0.9523809523809523"
"Boeing - EC-135K","20","20","1.0"
"McDonnell Douglas DC-9-32","31","31","1.0"
"Douglas DC-7","12","12","1.0"
"Airbus A320-211","70","2","0.02857142857142857"
"Boeing 757-204","245","1","0.004081632653061225"
"Boeing B-737-505","88","88","1.0"
"Douglas C-47B-DK","24","23","0.9583333333333334"
"Douglas C-47A Dakota","21","21","1.0"
"Douglas C-47A-30-DK Dakota III","28","22","0.7857142857142857"
"Douglas C-47A","3","3","1.0"
"Douglas DC-3","24","12","0.5"
"Douglas C-47A","2","2","1.0"
"Boeing B-727-121C","75","75","1.0"
"Boeing B-737-230","104","35","0.33653846153846156"
"Boeing 40","4","4","1.0"
"Douglas DC-3","39","38","0.9743589743589743"
"Douglas DC-3","27","1","0.037037037037037035"
"Tupolev TU-134A","49","49","1.0"
"Douglas DC-3","5","5","1.0"
"McDonnell Douglas MD-82","130","90","0.6923076923076923"
"Douglas C-47-DL","7","1","0.14285714285714285"
"Douglas DC-6B","16","16","1.0"
"Boeing B-707-121B","30","30","1.0"
"Douglas C-47A-90-DL","19","19","1.0"
"Douglas C-47B-5-DK","29","29","1.0"
"Douglas DC-4-1009","44","27","0.6136363636363636"
"McDonnell Douglas DC-8F-55","4","4","1.0"
"Douglas C-118A","3","3","1.0"
"Douglas DC-6AB","94","80","0.851063829787234"
"Boeing B-727-2F2","154","154","1.0"
"Boeing KC-135A","5","5","1.0"
"McDonnell Douglas DC-10-30","171","171","1.0"
"Douglas C-53D-DO","25","25","1.0"
"Douglas R5D-3","26","26","1.0"
"Douglas DC-4 / USAF F-4E","76","74","0.9736842105263158"
"Boeing B-737-401","63","2","0.031746031746031744"
"Douglas DC-3","11","10","0.9090909090909091"
"Douglas C-47A","8","8","1.0"
"Boeing B-727-64","118","27","0.2288135593220339"
"Airbus A.300B4-203","5","5","1.0"
"Tupolev TU-134A","27","27","1.0"
"Douglas C-53","20","20","1.0"
"Douglas R5D-3","29","29","1.0"
"Douglas C-133A","10","10","1.0"
"Douglas DC-4","2","2","1.0"
"Tupolev TU-134","53","29","0.5471698113207547"
"Tupolev TU-154B","132","108","0.8181818181818182"
"Boeing B-707 (E-3B)","24","24","1.0"
"Boeing B-737-2P6","112","112","1.0"
"Tupolev 134A","30","1","0.03333333333333333"
"Douglas C-54A","5","3","0.6"
"Douglas DC-7C","65","54","0.8307692307692308"
"Douglas C-54B","16","16","1.0"
"Boeing KC-135A","52","11","0.21153846153846154"
"Douglas C-54D-1-DC","13","10","0.7692307692307693"
"Boeing 40","3","3","1.0"
"Douglas C-47B-25-DK","19","19","1.0"
"Douglas DC-3","21","5","0.23809523809523808"
"Boeing B-727-214 / Cessna 172","137","137","1.0"
"Douglas DC-3C","32","32","1.0"
"Douglas DC-3","20","1","0.05"
"Douglas DC-3","24","24","1.0"
"Douglas C-54D-DC (DC-4)","51","23","0.45098039215686275"
"Douglas DC-6B","74","74","1.0"
"Boeing C-97","5","5","1.0"
"Boeing KC-135A","20","15","0.75"
"Airbus A300-B4-200","234","234","1.0"
"Douglas DC-3A-228D","25","25","1.0"
"Douglas C-54A-1-DO","27","5","0.18518518518518517"
"McDonnell Douglas DC-8-62H","79","34","0.43037974683544306"
"Douglas DC-3 (C-53-DO)","18","8","0.4444444444444444"
"Douglas C-54B","57","57","1.0"
"Douglas DC-3","32","32","1.0"
"Airbus A300B4-203","167","167","1.0"
"Douglas C-47D","27","1","0.037037037037037035"
"Boeing B-737-8EH /EMB-135JB","161","154","0.9565217391304348"
"Douglas DC-3-DST","38","38","1.0"
"Douglas C-47B","6","1","0.16666666666666666"
"Tupolev TU-104B","108","108","1.0"
"Douglas DC-3A","9","9","1.0"
"Boeing 727-24C","4","4","1.0"
"Tupolev TU-154B","60","60","1.0"
